"signal","n","n_events","event_rate","auroc","auprc","auprc_lift","n_nonzero"
"gcs_eyes",41250,4251,0.10305,0.71785,0.28049,2.722,36876
"bun",41250,4251,0.10305,0.71614,0.21944,2.129,40545
"gcs_motor",41250,4251,0.10305,0.711,0.29454,2.858,36862
"gcs_verbal",41250,4251,0.10305,0.68576,0.19304,1.873,33537
"creatinine",41250,4251,0.10305,0.68213,0.20335,1.973,40393
"sodium",41250,4251,0.10305,0.67975,0.20535,1.993,40561
"bicarbonate",41250,4251,0.10305,0.67804,0.21865,2.122,40546
"urine_output_rate",41250,4251,0.10305,0.66459,0.22531,2.186,39731
"resp_rate",41250,4251,0.10305,0.65471,0.19978,1.939,41121
"glucose",41250,4251,0.10305,0.64596,0.16631,1.614,40988
"temperature",41250,4251,0.10305,0.626,0.19049,1.848,39926
"wbc",41250,4251,0.10305,0.61318,0.17099,1.659,40324
"spo2",41250,4251,0.10305,0.60499,0.1801,1.748,41186
"heart_rate",41250,4251,0.10305,0.59858,0.15451,1.499,41195
"hemoglobin",41250,4251,0.10305,0.59372,0.14238,1.382,40317
"platelet",41250,4251,0.10305,0.5909,0.14949,1.451,40334
"mbp",41250,4251,0.10305,0.58683,0.14951,1.451,41185
"bilirubin_total",41250,4251,0.10305,0.56282,0.1827,1.773,17861
"lactate",41250,4251,0.10305,0.5528,0.21343,2.071,21860
