signal,intervention,signal_class,excursion_side
mbp,vasopressor,dense,low
mbp,inotrope,dense,low
heart_rate,vasopressor,dense,low
spo2,invasive_vent,dense,low
spo2,fio2,dense,low
resp_rate,invasive_vent,dense,high
glucose,insulin,dense,high
gcs_motor,sedation_benzo,dense,low
gcs_motor,sedation_propofol,dense,low
gcs_motor,sedation_dexmed,dense,low
gcs_eyes,sedation_benzo,dense,low
gcs_eyes,sedation_propofol,dense,low
gcs_eyes,sedation_dexmed,dense,low
gcs_verbal,sedation_benzo,dense,low
gcs_verbal,sedation_propofol,dense,low
gcs_verbal,sedation_dexmed,dense,low
urine_output_rate,diuretic,rate,low
urine_output_rate,rrt,rate,low
creatinine,diuretic,sparse,high
creatinine,rrt,sparse,high
platelet,transfusion_platelet,sparse,low
hemoglobin,transfusion_prbc,sparse,low
temperature,,dense,
sodium,,sparse,
bicarbonate,,sparse,
bun,,sparse,
wbc,,sparse,
lactate,,sparse,
bilirubin_total,,sparse,
